estado,mover_adelante,mover_atras,girar_izquierda,girar_derecha,esperar,seleccionar_objetivo
"(0, 0)",4.493729283538226,4.626012113970027,4.399782382806084,4.33265108382203,4.33549510418887,4.518854556771206
"(0, 1)",4.410785448749604,4.637760664020076,4.469207288665526,4.464201503978149,4.461722002684391,4.565930117435977
"(0, 2)",4.598362376551533,4.520521679817281,4.4839859401392745,4.594472470632655,4.623331774250701,4.57733877236059
"(0, 3)",4.73658268247185,4.600383248836358,4.56392080169819,4.595401242966211,4.583871151616619,4.622614242256097
"(0, 4)",4.5623341076193045,4.722531502354988,4.543213769461149,4.518524037482324,4.5174517909131975,4.63994286948436
"(0, 5)",4.569583160489393,4.529449473647559,4.451552910514819,4.505196312312669,4.451281454833306,4.459730758655151
"(0, 6)",4.394866525976776,4.460246244355803,4.354163308366706,4.365442928670398,4.361558415756804,4.43756048320547
"(0, 7)",4.411814097263464,4.464765096356339,4.530882102038087,4.408288091216919,4.347141974193452,4.516192866856346
"(0, 8)",4.738398783528221,4.698560274166504,4.832243641148457,4.6915998147515205,4.803390081880424,4.668290838869722
"(0, 9)",4.6935211197163875,4.68848242938618,4.5610117525356175,4.584127530566196,4.564747800664554,4.643322751200318
"(0, 10)",4.630790612672656,4.64473612690389,4.547798554335094,4.571943513620122,4.522085675976968,4.521984473372243
"(0, 11)",4.506736109458917,4.625509034744182,4.506905787007536,4.50799993223595,4.512739990372314,4.638857943569569
"(0, 12)",4.505915261689963,4.545466557486034,4.468549676585393,4.4667404308146645,4.469017886653501,4.473884411870365
"(0, 13)",4.580287070820776,4.3454601354418205,4.378018954828575,4.382172802341762,4.380684062810101,4.479678996368278
"(0, 14)",4.547503425454348,4.322373843449132,4.424888681956097,4.394504767964482,4.413007541699206,4.520014519370913
"(1, 0)",4.4984456281911935,4.748375561318078,4.583427957544655,4.57499627060578,4.544425386268307,4.576158915199169
"(1, 1)",4.4586110992335115,4.55622781090095,4.4562373961040835,4.477350695057848,4.4540066655948465,4.582751081174462
"(1, 2)",4.495599856728397,4.577982913732663,4.430255975754134,4.544023973618691,4.517638747872871,4.481197438537122
"(1, 3)",4.750202047250752,4.65584020148734,4.585114047722313,4.5862948709647915,4.594697471953689,4.618214972477583
"(1, 4)",4.738146075141643,4.641860509415597,4.574996506379377,4.575458144448058,4.544933506966504,4.602589336878658
"(1, 5)",4.700970623895563,4.654006345276159,4.487377753300938,4.5651707822076855,4.564774707615219,4.594455823713042
"(1, 6)",4.633042181548293,4.6836452013439045,4.5030693792882985,4.500971021101331,4.546380302876677,4.611056188132456
"(1, 7)",4.764543369128503,4.59612002512327,4.588596146153557,4.499992469105886,4.468472061857429,4.609960452706468
"(1, 8)",4.847547171620866,4.668597571713449,4.652533900680812,4.654371353850524,4.683253312165579,4.671778448750721
"(1, 9)",4.83383224767358,4.739434600216141,4.693273423222557,4.694506079691613,4.709883836051106,4.69899483802037
"(1, 10)",4.766244286578189,4.669202352282836,4.581528853897002,4.6464641963350655,4.660937728554696,4.712247569807245
"(1, 11)",4.580381308692436,4.586226864988015,4.5177867530024205,4.521082416493456,4.521638573721134,4.485979457777617
"(1, 12)",4.660340225956557,4.539456719670355,4.4483948406865,4.441605903780915,4.426412996875653,4.423390391907865
"(1, 13)",4.498100509941044,4.627010766911392,4.4829357483688055,4.473205598399718,4.490671983291259,4.539147651884693
"(1, 14)",4.4559924156761666,4.482925525871284,4.4855789326841755,4.500500569960698,4.464618281734863,4.538287332874989
"(2, 0)",4.617255181711079,4.698773400783713,4.490759048627201,4.557228947845522,4.490343553481818,4.5478457215332675
"(2, 1)",4.522014280011246,4.490198164820357,4.428996039251429,4.476596636317592,4.431406763394043,4.449013401198457
"(2, 2)",4.742144353040233,4.71337683350824,4.500282695037962,4.457819807049662,4.558105160158719,4.5780931081170095
"(2, 3)",4.6938380589293,4.691156261985956,4.561504417859533,4.558153197186726,4.5564194048582385,4.661631589100135
"(2, 4)",4.641645489103978,4.595221646235795,4.4737995125031835,4.484078280418053,4.46056068274785,4.5600596196694765
"(2, 5)",4.729631372016921,4.603264791166744,4.507804363883478,4.4995311956401185,4.511600884385171,4.598683133273315
"(2, 6)",4.72531124640706,4.524884891716584,4.444324067652031,4.418311399467976,4.477017759922706,4.515082653006858
"(2, 7)",4.771230514742028,4.6369632022095235,4.53806832974532,4.565218734445256,4.5653331442743985,4.5951384331774445
"(2, 8)",4.730751001137303,4.609377341803203,4.575792972149221,4.505443591092401,4.503126149716296,4.681055714407602
"(2, 9)",4.58892995935675,4.855737830475027,4.5150224244434,4.556309983840223,4.578639944560211,4.609239794835098
"(2, 10)",4.63240433003981,4.6495200364781715,4.610209131472303,4.618864191618055,4.610211875924416,4.615077676247704
"(2, 11)",4.708784562630928,4.698058392999111,4.599464969169633,4.591684679810629,4.563769602408916,4.6996536457141005
"(2, 12)",4.641777687690342,4.628268211053823,4.5417433839324355,4.549656671946637,4.556320495566601,4.6202884692341915
"(2, 13)",4.452189914783097,4.5227748156347785,4.4567566190131975,4.448922998080898,4.456757190120974,4.456804918273245
"(2, 14)",4.527198365970395,4.41433782124912,4.38494830271789,4.402109882588809,4.388315147648023,4.418860428145451
"(3, 0)",4.503509466990633,4.744766366694699,4.565195497433491,4.5532950347284755,4.508121215584859,4.556994249576068
"(3, 1)",4.637461246290355,4.600300756702409,4.506629321914208,4.463631087096972,4.502517364208829,4.511978362474481
"(3, 2)",4.712944838519135,4.516560405024848,4.44954334927489,4.443459581797366,4.46050474454073,4.468560851474379
"(3, 3)",4.546342638407823,4.649148133090378,4.544463536628939,4.531743756796529,4.506869553771514,4.53934812051352
"(3, 4)",4.519149986761428,4.603097577169989,4.459679595878694,4.4524872374621,4.454787264257309,4.46802011486387
"(3, 5)",4.502934056646961,4.507889452737204,4.410195068982967,4.401556941262856,4.413336195503743,4.412701141263383
"(3, 6)",4.5053521145307025,4.49348779826123,4.41652539333008,4.4140899510524605,4.365595481303726,4.509980635407487
"(3, 7)",4.582317114596611,4.544138358668711,4.453533462407703,4.468117836597297,4.453417370902603,4.543391667647048
"(3, 8)",4.7554881497108425,4.544194185731248,4.514320151124868,4.520009383327336,4.525373546729967,4.623468659838748
"(3, 9)",4.6675546867665,4.722235686346477,4.599794389855104,4.5729503516582675,4.594131521781032,4.693636958225054
"(3, 10)",4.730752273656245,4.584755782358366,4.584598600152803,4.543330918829774,4.587573017996379,4.624678451756346
"(3, 11)",4.531353723895618,4.637443204661847,4.537635216947251,4.567489797047811,4.523223052393332,4.529312860212854
"(3, 12)",4.530180416433776,4.601922951307695,4.502543807036764,4.449171859488705,4.501213090298262,4.5036646167464305
"(3, 13)",4.464464703596668,4.433616004285665,4.43187527123454,4.380699857944857,4.3957839648001364,4.3884914896666825
"(3, 14)",4.548594969439406,4.373877344627804,4.401041867135249,4.34111948467831,4.390995347870221,4.39400145594745
"(4, 0)",4.429696581772825,4.694206135543894,4.482950292420787,4.3784802178660485,4.490597346979603,4.471645273042567
"(4, 1)",4.524891603518038,4.691125717935142,4.504596212998096,4.502141824830566,4.503526920248771,4.5194877253318735
"(4, 2)",4.673156426607316,4.5349803196397795,4.482502623953181,4.5201179239090035,4.4748523150144806,4.581400849304239
"(4, 3)",4.524031868932706,4.511500497622845,4.472972352735943,4.466883724896165,4.467205825256653,4.481439487489958
"(4, 4)",4.502328474882623,4.666939256745291,4.523552380833271,4.476135596433723,4.501772673883965,4.528567368891429
"(4, 5)",4.5176485188824875,4.706553870631415,4.496257752648306,4.595701203469847,4.572670732603413,4.5660396878015135
"(4, 6)",4.584226933618572,4.62645702849807,4.502656729817536,4.5140708307950215,4.494855029220501,4.59390302353698
"(4, 7)",4.6230268264613406,4.593889069738468,4.571239131887739,4.560138876603742,4.549038310982801,4.6658821136814375
"(4, 8)",4.660032329375496,4.648743498558193,4.551689665681876,4.573562838866003,4.636399838779728,4.678059116082685
"(4, 9)",4.644742846118706,4.65446807552704,4.610910047368991,4.601743818685097,4.603351784475766,4.711089136485283
"(4, 10)",4.719179004092633,4.522803959639612,4.53164710342838,4.527510179911051,4.526400334120323,4.578383120118164
"(4, 11)",4.661925419631638,4.584397720027931,4.465784049092113,4.477404042509766,4.55125116177526,4.4882034315982215
"(4, 12)",4.636305701894619,4.5121031241381795,4.41373011875238,4.3894562057617215,4.387180091668043,4.514358120155717
"(4, 13)",4.4438839419160105,4.533369387971321,4.454106011854747,4.4556360488472215,4.419215479051537,4.429306613954087
"(4, 14)",4.567701721891892,4.455634552800498,4.4139195799149,4.355645421188016,4.411975215483761,4.42477307104623
"(5, 0)",4.44727969628805,4.605612882770966,4.385349357269706,4.387008402106382,4.475802527683978,4.485616121778283
"(5, 1)",4.532548656050215,4.623790452000081,4.432402244950231,4.440738196109994,4.386873820127291,4.5082856446706545
"(5, 2)",4.4637018354813165,4.5653056831847465,4.434290796172647,4.414616857622102,4.4017048534737295,4.536832849920636
"(5, 3)",4.552927863634191,4.418315855032799,4.4231884587694195,4.424602222043549,4.423023892755583,4.523548757166737
"(5, 4)",4.632205695753573,4.714464012797704,4.523707857282824,4.4767687584424,4.5511236974362435,4.522045258260851
"(5, 5)",4.612833770461571,4.526283446920588,4.391626786965727,4.4535323849917035,4.383956767778556,4.489595090904937
"(5, 6)",4.375833519542248,4.606854567801285,4.455919966766255,4.375793844811883,4.4621523885703,4.472569218966567
"(5, 7)",4.548733869320454,4.469375572526659,4.602447151094165,4.402285849042791,4.4165651563217665,4.671281451857561
"(5, 8)",4.758191375241593,4.596820573062032,4.508588076700134,4.592135142242617,4.501876536247532,4.69963732545523
"(5, 9)",4.722457783917172,4.599419425757671,4.5203795806118885,4.48811918910519,4.53754987100681,4.645324038416442
"(5, 10)",4.562026538000425,4.582298583608214,4.498121637142688,4.489607596304348,4.502369089412527,4.602643636661278
"(5, 11)",4.576896842100792,4.682576966401452,4.426360398341794,4.41077838289831,4.432493101041915,4.446198728058112
"(5, 12)",4.441364728380072,4.480656002657527,4.414377471263288,4.428266748920216,4.388137373243126,4.511537814649362
"(5, 13)",4.4363924016872325,4.551859039352465,4.377667193384509,4.4364810171406415,4.410062100844194,4.382821653314968
"(5, 14)",4.4511036707913405,4.6102716159561075,4.398432731714242,4.415418906579498,4.398648001929173,4.490969752322953
"(6, 0)",4.657288942982546,4.444238103955272,4.330458041353434,4.48432899030811,4.2941895886773525,4.546217803251572
"(6, 1)",4.638061894788153,4.520712516657028,4.410703264198242,4.386886677969073,4.371237071001941,4.5601234970417055
"(6, 2)",4.666747869711592,4.5553692984506835,4.538616781557172,4.520452936567386,4.500059904390786,4.638147059047687
"(6, 3)",4.598885392197262,4.603549322113172,4.439415617273948,4.463199315788615,4.4395895372152925,4.563237394466685
"(6, 4)",4.610033714318874,4.648880698451236,4.495901524222274,4.512770155851783,4.5044297654107535,4.515578557544878
"(6, 5)",4.564529994623478,4.5518608294399225,4.412954021283247,4.419739336869189,4.376873396041424,4.430310550515726
"(6, 6)",4.420973002790546,4.520994258980125,4.404880469551246,4.4027248936164165,4.414613610182673,4.419762743872469
"(6, 7)",4.46861297581771,4.684563663526546,4.519837852762396,4.498248706297075,4.433726895516044,4.493556964061267
"(6, 8)",4.584298185479539,4.284011057667236,4.3757489932278,4.397523121219469,4.395574849751469,4.491650692578603
"(6, 9)",4.5146925598242795,4.44952882971027,4.391928937554176,4.426711953656267,4.402386490741638,4.5014102819455335
"(6, 10)",4.438930102649609,4.641628106585149,4.326120400161719,4.407402414946809,4.3483619093109835,4.444964963684897
"(6, 11)",4.507160093582923,4.5762013201811556,4.432639655985556,4.442707456956153,4.447373877049085,4.45138484293912
"(6, 12)",4.459716760449786,4.576839689323778,4.435497196317899,4.447871595869756,4.443167723762673,4.4467146023198785
"(6, 13)",4.441232098726372,4.411303860610117,4.332926830830324,4.340197481931129,4.353095963217379,4.365904015423875
"(6, 14)",4.531655232922168,4.339261820571673,4.432122770206874,4.432645251110623,4.412796325938806,4.41738026820053
"(7, 0)",4.571771154588489,4.618592680624161,4.481093423131703,4.480584141622158,4.493587641999695,4.596803470612564
"(7, 1)",4.704597044753182,4.596428311206042,4.521622623704418,4.558390038643496,4.544600953200924,4.632749337969274
"(7, 2)",4.638544844825831,4.573376108976021,4.5066324306922105,4.507159476143537,4.507151349615239,4.606618154835214
"(7, 3)",4.430725839255898,4.630205947687852,4.400554564967023,4.361224705856529,4.39898565082,4.499628215233127
"(7, 4)",4.398292797915517,4.501816968062487,4.309313984265706,4.380557406816908,4.351275448323904,4.447861422572622
"(7, 5)",4.359119646701208,4.666900363776119,4.331224614946109,4.318278518837527,4.316904111496565,4.4169511593422595
"(7, 6)",4.551834386163974,4.4470657813262235,4.510769373956973,4.4717185014891605,4.481730452233211,4.611814252159618
"(7, 7)",4.552467506140265,4.646352764123997,4.464325030601305,4.441939832588806,4.503382471642459,4.590733621474824
"(7, 8)",4.552287173953863,4.581484766696121,4.461219537924136,4.466833312640444,4.467520022874166,4.564861292130979
"(7, 9)",4.5268952638107995,4.49724941821961,4.291054847704846,4.435142372299648,4.383906644062212,4.44046994647602
"(7, 10)",4.404073822989418,4.560600648306562,4.454577080464143,4.332393690395983,4.344090972718985,4.3596570316571315
"(7, 11)",4.615224249126748,4.50202194424634,4.483775073313147,4.475831279105953,4.4764860057968185,4.482810775732926
"(7, 12)",4.589911804020822,4.519252100040739,4.537185998148493,4.524170001915363,4.305826934780613,4.325486596741128
"(7, 13)",4.438990771345416,4.526008378890866,4.484067482422165,4.399577320772426,4.363953079407081,4.374200533264368
"(7, 14)",4.557372648073968,4.377634769904263,4.265140381039471,4.262627571075368,4.276324138507525,4.29205127493925
"(8, 0)",4.454978034884593,4.372635672808012,4.330453510090369,4.332329382879442,4.331307277470606,4.4300690929597994
"(8, 1)",4.4001620948975875,4.656591353432973,4.518574848790195,4.476420689734837,4.3138208278584225,4.605841475204346
"(8, 2)",4.5095780277078505,4.528998661311692,4.4844680447733545,4.490246848026509,4.487448237705884,4.567856735571029
"(8, 3)",4.565112716438336,4.558233418259134,4.401850968256031,4.398727250878778,4.398791292381577,4.500418865526243
"(8, 4)",4.350399814966106,4.529991517724255,4.289954895959958,4.30125574279031,4.295513259990722,4.390184696753067
"(8, 5)",4.3923280806875535,4.442120055046995,4.394723765257488,4.388053847421323,4.376673961035904,4.49541369193059
"(8, 6)",4.431734266854287,4.592758669780425,4.457992696111601,4.4529542896941665,4.3498753034521975,4.549815438563178
"(8, 7)",4.452857707614787,4.635268237914984,4.354922122676962,4.374082068622538,4.327066861649055,4.472954482819225
"(8, 8)",4.488604390806682,4.43096370633857,4.481118145463201,4.388194284444984,4.467710132853413,4.485433779219825
"(8, 9)",4.515958228249687,4.589961556714344,4.463853587931369,4.499838956733106,4.494468739560807,4.503607750351618
"(8, 10)",4.426762987245854,4.523983748467648,4.378464027221181,4.383412155036974,4.373717517642524,4.388046576126156
"(8, 11)",4.730381828410329,4.4349598646850605,4.5035737319249005,4.432802884959057,4.452654233465898,4.534250010951088
"(8, 12)",4.53105264326523,4.696404591226223,4.544246239406899,4.515413729317938,4.537398307321029,4.505322177620479
"(8, 13)",4.459063415357032,4.524617308185083,4.425420879821185,4.463863568680699,4.423632578341918,4.420873255308246
"(8, 14)",4.433176461398645,4.4519972294965084,4.4678243361909935,4.458070006516305,4.433128997859178,4.429880022024198
"(9, 0)",4.470677179861644,4.51387027686035,4.411010380938677,4.251302109892374,4.395849623774875,4.419576932270504
"(9, 1)",4.610330217237829,4.519771573444224,4.400834172954224,4.401017520757177,4.393649915631349,4.51184863465124
"(9, 2)",4.499881681408818,4.544243283100765,4.436791232239117,4.434795240397859,4.436857731130646,4.562387883102467
"(9, 3)",4.576863491086417,4.5840499831485015,4.389028163675494,4.407255780162408,4.391300915257565,4.490862292268698
"(9, 4)",4.470394418995465,4.410378151210452,4.363990487681809,4.344776461443544,4.247668489304024,4.415692272659084
"(9, 5)",4.488403261037079,4.531431398063519,4.429642526288987,4.433635545778157,4.440455689134027,4.561043379284832
"(9, 6)",4.447889000284735,4.367681667387457,4.348963268130245,4.397629516318592,4.354912927221142,4.490993484773071
"(9, 7)",4.37984702112177,4.391952233270777,4.406780747218254,4.31539146298261,4.328546406368984,4.440520845647573
"(9, 8)",4.648056922729933,4.3915554796825225,4.43878343478303,4.446182474919498,4.493434354036194,4.560893166872701
"(9, 9)",4.574527715375628,4.621397883018893,4.447355274820112,4.458883168733777,4.465070971444847,4.461882008832628
"(9, 10)",4.462888058902517,4.556453967370344,4.422145513821147,4.426665898001062,4.426772012987507,4.505398168653163
"(9, 11)",4.447768192955639,4.278892335521343,4.336414965124457,4.332457592163726,4.3313841157943065,4.425961933155015
"(9, 12)",4.50034863490304,4.656134816368904,4.31564900014151,4.412057879787221,4.473521351111348,4.463812138243789
"(9, 13)",4.393557111277128,4.592164305798203,4.427952010367546,4.110942027024486,4.434797465174842,4.126109417632042
"(9, 14)",4.3557813986442016,4.24697256044476,4.33056209308008,4.359532528317981,4.1151647407801395,4.468782474532498
"(10, 0)",4.562912585959278,4.518010148998794,4.433184864293859,4.416247509404561,4.376387611553007,4.529233030341297
"(10, 1)",4.425099513908664,4.534485038369904,4.337226787152828,4.373145384033111,4.338238383084556,4.456508805250768
"(10, 2)",4.445401167146594,4.482290855770678,4.39131155271534,4.4130322313281,4.35511102874102,4.48497601814839
"(10, 3)",4.601217358223157,4.528260527703063,4.422402838051533,4.442518169373384,4.443607565920863,4.539678824104501
"(10, 4)",4.578079816851931,4.5535858835396095,4.394121849230129,4.39420817072119,4.41798685937169,4.42585285669847
"(10, 5)",4.631654738445321,4.480195254592671,4.297236900104184,4.4985911396360265,4.495880746949534,4.548894554847623
"(10, 6)",4.617492930061831,4.498180371235961,4.348976574114107,4.464217443078626,4.345701090565654,4.581517292278764
"(10, 7)",4.67280707857671,4.49567244383343,4.468006168441486,4.467243886239998,4.464829730041961,4.4067620578636575
"(10, 8)",4.646332712958549,4.59292137402298,4.513979890339966,4.513616077973134,4.508124306810694,4.596538197568396
"(10, 9)",4.511918026140208,4.6280641620116105,4.465826956640999,4.468865674244042,4.4665739602423455,4.595416539285634
"(10, 10)",4.576348313617798,4.5670754370071025,4.324484234455845,4.413493507404358,4.349551987436002,4.440191179795908
"(10, 11)",4.366989661242862,4.554251262291901,4.179767675810116,4.159519345436464,4.20617915320221,4.250277905957583
"(10, 12)",4.391593415245938,4.569090098144416,4.438910867794963,4.417524420286337,4.338702888238868,4.533777912804697
"(10, 13)",4.454705664002438,4.594142745248398,4.447475760228356,4.3920187673004,4.4059966361893705,4.511570513514566
"(10, 14)",4.4506835896283725,4.402631865863627,4.37979138021012,4.407501880566827,4.386538134386057,4.511128720471124
"(11, 0)",4.573868677097007,4.4923059513179915,4.447661877690637,4.447845430987745,4.448899656631097,4.55074947392343
"(11, 1)",4.636320417716434,4.470840431696623,4.413392350154189,4.413824483077321,4.412741439811491,4.477530525402473
"(11, 2)",4.635707062924561,4.461799277460651,4.445413678040628,4.461659051705429,4.465897654171233,4.565108287890599
"(11, 3)",4.622571264264375,4.4528187171278635,4.494027398889521,4.379111522228582,4.452849854066319,4.546243516183719
"(11, 4)",4.500079870506454,4.606832107690876,4.457376828034253,4.440976945060723,4.434455888820771,4.534866668274529
"(11, 5)",4.413413093659359,4.492855480521297,4.467704168044068,4.479346736799099,4.486308392491483,4.580531577203518
"(11, 6)",4.464034737539997,4.429412558260441,4.3572067308938385,4.348744260986902,4.347568902631369,4.444018840053419
"(11, 7)",4.700866517190072,4.448481890291731,4.349437120489727,4.36004873771948,4.348720672895108,4.451811377470597
"(11, 8)",4.598281528456665,4.539180797422191,4.465148085141852,4.4602690759341765,4.455014400446503,4.564165497376242
"(11, 9)",4.446587294364607,4.484185960237868,4.51092181984419,4.515656550396058,4.51398786312545,4.495557242391188
"(11, 10)",4.609779842673728,4.494657690832952,4.412064832577506,4.414889675890217,4.41271433154754,4.416584410300626
"(11, 11)",4.414192073066848,4.564261822440376,4.377288152112499,4.355826536019472,4.378432899515408,4.476099288433943
"(11, 12)",4.424597256797146,4.5905025902873335,4.473734806053019,4.503129521080001,4.455113815741618,4.492548497897049
"(11, 13)",4.454540647073091,4.533859043860106,4.39563658670631,4.353119125310083,4.39454943825922,4.461054464541479
"(11, 14)",4.39678363692519,4.495435234720739,4.386404433582777,4.33921046058733,4.374195056567888,4.474259785324529
"(12, 0)",4.6418670645092455,4.529221531731018,4.507682390564532,4.508885295208009,4.507155074766678,4.606124307646683
"(12, 1)",4.5830132880753265,4.470371288930251,4.445995080243704,4.443028696183469,4.4453510285148345,4.512841429254404
"(12, 2)",4.530079055613343,4.472493171053203,4.456372356033572,4.469217584036647,4.4604195258908925,4.548443527304057
"(12, 3)",4.669420493549264,4.528788380313238,4.439760038417716,4.439745309207111,4.439497201956446,4.539797703087953
"(12, 4)",4.464198720982357,4.561301380538369,4.41507591392311,4.4196682080036815,4.414074702429571,4.51565772695474
"(12, 5)",4.392598818145436,4.645738049662362,4.322683774539186,4.405294627120386,4.427967838224636,4.442961476502314
"(12, 6)",4.543302150709598,4.566626262126348,4.450188974826733,4.429867412139697,4.438679942254109,4.535459003646682
"(12, 7)",4.463540451490837,4.623000826234162,4.340997378775923,4.278559594740557,4.385186435524891,4.53373417705541
"(12, 8)",4.5335144001264105,4.6090963782293555,4.370581460454453,4.489986892246597,4.455906963137425,4.580798254193341
"(12, 9)",4.427993922917619,4.644408078848362,4.3977829113854385,4.414295736599481,4.4157124944954,4.540924921373275
"(12, 10)",4.68583385646178,4.585037327319086,4.495985376853664,4.535416485147919,4.539636849069344,4.496665629497607
"(12, 11)",4.578889637511176,4.499301130468086,4.486614670166602,4.507454772923615,4.471144205317055,4.511229055315886
"(12, 12)",4.578753122121854,4.5006515679447805,4.393521695646735,4.424995254528811,4.305785615109655,4.539407063068194
"(12, 13)",4.494276334286417,4.5125370416816795,4.369826153003547,4.370870021366159,4.3757254104681635,4.467943043794159
"(12, 14)",4.421809503604304,4.44127992609105,4.3757464180956696,4.375657034486749,4.344068230083389,4.475761855910384
"(13, 0)",4.6971647881109995,4.608089978959389,4.535002599342546,4.55456231428104,4.555760099281996,4.654200862521174
"(13, 1)",4.554557053259307,4.606437626981319,4.419252610765831,4.420622677930401,4.432843205832236,4.517557220203315
"(13, 2)",4.57691365696762,4.551292443038409,4.423293497243622,4.400676002636322,4.414239426004849,4.519627603923254
"(13, 3)",4.553063611405488,4.563374636957892,4.430272161854724,4.378222755225011,4.435101863663645,4.516620416501677
"(13, 4)",4.534067024645819,4.538198403831303,4.37994028507721,4.352518479885221,4.332438214460798,4.43539753676198
"(13, 5)",4.3300477006704075,4.532102717430277,4.347246371404965,4.362797315194352,4.363423596397405,4.462857344461613
"(13, 6)",4.568902219730868,4.300610463053566,4.357888871835844,4.36423981866343,4.3583221957189995,4.4733706566455105
"(13, 7)",4.52373784516064,4.502091841909209,4.3890379855406865,4.389129744785768,4.396934921438823,4.490271038807191
"(13, 8)",4.6555168180395174,4.423908962652091,4.298759848446082,4.295816824565899,4.302661473488728,4.40263359187122
"(13, 9)",4.466840460024072,4.415928961831276,4.056493183415922,4.096860335130089,3.736552331658781,3.8882959609477394
"(13, 10)",4.359594322310525,4.2959206931273295,4.248812448752469,4.255510464903641,4.2243253745696645,4.258057620910835
"(13, 11)",4.5664303916352225,4.22565653811247,4.1454530428436085,4.184183948509378,4.130445478052895,4.154263789424075
"(13, 12)",4.5711899972505705,4.390480064953272,4.221566538543071,4.2648381884846565,4.251888171314218,4.317287747054589
"(13, 13)",4.462455625657539,4.50985352668015,4.42615086991179,4.378253291904964,4.426120382488773,4.585848053187012
"(13, 14)",4.524003214838472,4.573943587780496,4.437336864748603,4.442047668880343,4.444089543764271,4.541169138678107
"(14, 0)",0.0,0.0,0.0,0.0,0.0,0.0
"(14, 1)",0.0,0.0,0.0,0.0,0.0,0.0
"(14, 2)",0.0,0.0,0.0,0.0,0.0,0.0
"(14, 3)",0.0,0.0,0.0,0.0,0.0,0.0
"(14, 4)",0.0,0.0,0.0,0.0,0.0,0.0
"(14, 5)",0.0,0.0,0.0,0.0,0.0,0.0
"(14, 6)",0.0,0.0,0.0,0.0,0.0,0.0
"(14, 7)",0.0,0.0,0.0,0.0,0.0,0.0
"(14, 8)",0.0,0.0,0.0,0.0,0.0,0.0
"(14, 9)",0.0,0.0,0.0,0.0,0.0,0.0
"(14, 10)",3.1184775828661233,0.0,0.14750574999999996,0.06999999999999999,0.20305632375,0.0
"(14, 11)",0.0,0.0,0.0,0.0,0.0,0.0
"(14, 12)",0.0,0.0,0.0,0.0,0.0,0.0
"(14, 13)",0.0,0.0,0.0,0.0,0.0,0.0
"(14, 14)",0.0,0.0,0.0,0.0,0.0,0.0
"(15, 0)",0.0,0.0,0.0,0.0,0.0,0.0
"(15, 1)",0.0,0.0,0.0,0.0,0.0,0.0
"(15, 2)",0.0,0.0,0.0,0.0,0.0,0.0
"(15, 3)",0.0,0.0,0.0,0.0,0.0,0.0
"(15, 4)",0.0,0.0,0.0,0.0,0.0,0.0
"(15, 5)",0.0,0.0,0.0,0.0,0.0,0.0
"(15, 6)",0.0,0.0,0.0,0.0,0.0,0.0
"(15, 7)",0.0,0.0,0.0,0.0,0.0,0.0
"(15, 8)",0.0,0.0,0.0,0.0,0.0,0.0
"(15, 9)",0.0,0.0,0.0,0.0,0.0,0.0
"(15, 10)",0.0,0.0,0.0,0.0,0.0,0.0
"(15, 11)",0.0,0.0,0.0,0.0,0.0,0.0
"(15, 12)",0.0,0.0,0.0,0.0,0.0,0.0
"(15, 13)",0.0,0.0,0.0,0.0,0.0,0.0
"(15, 14)",0.0,0.0,0.0,0.0,0.0,0.0
"(16, 0)",0.0,0.0,0.0,0.0,0.0,0.0
"(16, 1)",0.0,0.0,0.0,0.0,0.0,0.0
"(16, 2)",0.0,0.0,0.0,0.0,0.0,0.0
"(16, 3)",0.0,0.0,0.0,0.0,0.0,0.0
"(16, 4)",0.0,0.0,0.0,0.0,0.0,0.0
"(16, 5)",0.0,0.0,0.0,0.0,0.0,0.0
"(16, 6)",0.0,0.0,0.0,0.0,0.0,0.0
"(16, 7)",0.0,0.0,0.0,0.0,0.0,0.0
"(16, 8)",0.0,0.0,0.0,0.0,0.0,0.0
"(16, 9)",0.0,0.0,0.0,0.0,0.0,0.0
"(16, 10)",0.0,0.0,0.0,0.0,0.0,0.0
"(16, 11)",0.0,0.0,0.0,0.0,0.0,0.0
"(16, 12)",0.0,0.0,0.0,0.0,0.0,0.0
"(16, 13)",0.0,0.0,0.0,0.0,0.0,0.0
"(16, 14)",0.0,0.0,0.0,0.0,0.0,0.0
"(17, 0)",0.0,0.0,0.0,0.0,0.0,0.0
"(17, 1)",0.0,0.0,0.0,0.0,0.0,0.0
"(17, 2)",0.0,0.0,0.0,0.0,0.0,0.0
"(17, 3)",0.0,0.0,0.0,0.0,0.0,0.0
"(17, 4)",0.0,0.0,0.0,0.0,0.0,0.0
"(17, 5)",0.0,0.0,0.0,0.0,0.0,0.0
"(17, 6)",0.0,0.0,0.0,0.0,0.0,0.0
"(17, 7)",0.0,0.0,0.0,0.0,0.0,0.0
"(17, 8)",0.0,0.0,0.0,0.0,0.0,0.0
"(17, 9)",0.0,0.0,0.0,0.0,0.0,0.0
"(17, 10)",0.0,0.0,0.0,0.0,0.0,0.0
"(17, 11)",0.0,0.0,0.0,0.0,0.0,0.0
"(17, 12)",0.0,0.0,0.0,0.0,0.0,0.0
"(17, 13)",0.0,0.0,0.0,0.0,0.0,0.0
"(17, 14)",0.0,0.0,0.0,0.0,0.0,0.0
"(18, 0)",0.0,0.0,0.0,0.0,0.0,0.0
"(18, 1)",0.0,0.0,0.0,0.0,0.0,0.0
"(18, 2)",0.0,0.0,0.0,0.0,0.0,0.0
"(18, 3)",0.0,0.0,0.0,0.0,0.0,0.0
"(18, 4)",0.0,0.0,0.0,0.0,0.0,0.0
"(18, 5)",0.0,0.0,0.0,0.0,0.0,0.0
"(18, 6)",0.0,0.0,0.0,0.0,0.0,0.0
"(18, 7)",0.0,0.0,0.0,0.0,0.0,0.0
"(18, 8)",0.0,0.0,0.0,0.0,0.0,0.0
"(18, 9)",0.0,0.0,0.0,0.0,0.0,0.0
"(18, 10)",0.0,0.0,0.0,0.0,0.0,0.0
"(18, 11)",0.0,0.0,0.0,0.0,0.0,0.0
"(18, 12)",0.0,0.0,0.0,0.0,0.0,0.0
"(18, 13)",0.0,0.0,0.0,0.0,0.0,0.0
"(18, 14)",0.0,0.0,0.0,0.0,0.0,0.0
"(19, 0)",0.0,0.0,0.0,0.0,0.0,0.0
"(19, 1)",0.0,0.0,0.0,0.0,0.0,0.0
"(19, 2)",0.0,0.0,0.0,0.0,0.0,0.0
"(19, 3)",0.0,0.0,0.0,0.0,0.0,0.0
"(19, 4)",0.0,0.0,0.0,0.0,0.0,0.0
"(19, 5)",0.0,0.0,0.0,0.0,0.0,0.0
"(19, 6)",0.0,0.0,0.0,0.0,0.0,0.0
"(19, 7)",0.0,0.0,0.0,0.0,0.0,0.0
"(19, 8)",0.0,0.0,0.0,0.0,0.0,0.0
"(19, 9)",0.0,0.0,0.0,0.0,0.0,0.0
"(19, 10)",0.0,0.0,0.0,0.0,0.0,0.0
"(19, 11)",0.0,0.0,0.0,0.0,0.0,0.0
"(19, 12)",0.0,0.0,0.0,0.0,0.0,0.0
"(19, 13)",0.0,0.0,0.0,0.0,0.0,0.0
"(19, 14)",0.0,0.0,0.0,0.0,0.0,0.0
"(20, 0)",0.0,0.0,0.0,0.0,0.0,0.0
"(20, 1)",0.0,0.0,0.0,0.0,0.0,0.0
"(20, 2)",0.0,0.0,0.0,0.0,0.0,0.0
"(20, 3)",0.0,0.0,0.0,0.0,0.0,0.0
"(20, 4)",0.0,0.0,0.0,0.0,0.0,0.0
"(20, 5)",0.0,0.0,0.0,0.0,0.0,0.0
"(20, 6)",0.0,0.0,0.0,0.0,0.0,0.0
"(20, 7)",0.0,0.0,0.0,0.0,0.0,0.0
"(20, 8)",0.0,0.0,0.0,0.0,0.0,0.0
"(20, 9)",0.0,0.0,0.0,0.0,0.0,0.0
"(20, 10)",0.0,0.0,0.0,0.0,0.0,0.0
"(20, 11)",0.0,0.0,0.0,0.0,0.0,0.0
"(20, 12)",0.0,0.0,0.0,0.0,0.0,0.0
"(20, 13)",0.0,0.0,0.0,0.0,0.0,0.0
"(20, 14)",0.0,0.0,0.0,0.0,0.0,0.0
"(21, 0)",0.0,0.0,0.0,0.0,0.0,0.0
"(21, 1)",0.0,0.0,0.0,0.0,0.0,0.0
"(21, 2)",0.0,0.0,0.0,0.0,0.0,0.0
"(21, 3)",0.0,0.0,0.0,0.0,0.0,0.0
"(21, 4)",0.0,0.0,0.0,0.0,0.0,0.0
"(21, 5)",0.0,0.0,0.0,0.0,0.0,0.0
"(21, 6)",0.0,0.0,0.0,0.0,0.0,0.0
"(21, 7)",0.0,0.0,0.0,0.0,0.0,0.0
"(21, 8)",0.0,0.0,0.0,0.0,0.0,0.0
"(21, 9)",0.0,0.0,0.0,0.0,0.0,0.0
"(21, 10)",0.0,0.0,0.0,0.0,0.0,0.0
"(21, 11)",0.0,0.0,0.0,0.0,0.0,0.0
"(21, 12)",0.0,0.0,0.0,0.0,0.0,0.0
"(21, 13)",0.0,0.0,0.0,0.0,0.0,0.0
"(21, 14)",0.0,0.0,0.0,0.0,0.0,0.0
"(22, 0)",0.0,0.0,0.0,0.0,0.0,0.0
"(22, 1)",0.0,0.0,0.0,0.0,0.0,0.0
"(22, 2)",0.0,0.0,0.0,0.0,0.0,0.0
"(22, 3)",0.0,0.0,0.0,0.0,0.0,0.0
"(22, 4)",0.0,0.0,0.0,0.0,0.0,0.0
"(22, 5)",0.0,0.0,0.0,0.0,0.0,0.0
"(22, 6)",0.0,0.0,0.0,0.0,0.0,0.0
"(22, 7)",0.0,0.0,0.0,0.0,0.0,0.0
"(22, 8)",0.0,0.0,0.0,0.0,0.0,0.0
"(22, 9)",0.0,0.0,0.0,0.0,0.0,0.0
"(22, 10)",0.0,0.0,0.0,0.0,0.0,0.0
"(22, 11)",0.0,0.0,0.0,0.0,0.0,0.0
"(22, 12)",0.0,0.0,0.0,0.0,0.0,0.0
"(22, 13)",0.0,0.0,0.0,0.0,0.0,0.0
"(22, 14)",0.0,0.0,0.0,0.0,0.0,0.0
"(23, 0)",0.0,0.0,0.0,0.0,0.0,0.0
"(23, 1)",0.0,0.0,0.0,0.0,0.0,0.0
"(23, 2)",0.0,0.0,0.0,0.0,0.0,0.0
"(23, 3)",0.0,0.0,0.0,0.0,0.0,0.0
"(23, 4)",0.0,0.0,0.0,0.0,0.0,0.0
"(23, 5)",0.0,0.0,0.0,0.0,0.0,0.0
"(23, 6)",0.0,0.0,0.0,0.0,0.0,0.0
"(23, 7)",0.0,0.0,0.0,0.0,0.0,0.0
"(23, 8)",0.0,0.0,0.0,0.0,0.0,0.0
"(23, 9)",0.0,0.0,0.0,0.0,0.0,0.0
"(23, 10)",0.0,0.0,0.0,0.0,0.0,0.0
"(23, 11)",0.0,0.0,0.0,0.0,0.0,0.0
"(23, 12)",0.0,0.0,0.0,0.0,0.0,0.0
"(23, 13)",0.0,0.0,0.0,0.0,0.0,0.0
"(23, 14)",0.0,0.0,0.0,0.0,0.0,0.0
"(24, 0)",0.0,0.0,0.0,0.0,0.0,0.0
"(24, 1)",0.0,0.0,0.0,0.0,0.0,0.0
"(24, 2)",0.0,0.0,0.0,0.0,0.0,0.0
"(24, 3)",0.0,0.0,0.0,0.0,0.0,0.0
"(24, 4)",0.0,0.0,0.0,0.0,0.0,0.0
"(24, 5)",0.0,0.0,0.0,0.0,0.0,0.0
"(24, 6)",0.0,0.0,0.0,0.0,0.0,0.0
"(24, 7)",0.0,0.0,0.0,0.0,0.0,0.0
"(24, 8)",0.0,0.0,0.0,0.0,0.0,0.0
"(24, 9)",0.0,0.0,0.0,0.0,0.0,0.0
"(24, 10)",0.0,0.0,0.0,0.0,0.0,0.0
"(24, 11)",0.0,0.0,0.0,0.0,0.0,0.0
"(24, 12)",0.0,0.0,0.0,0.0,0.0,0.0
"(24, 13)",0.0,0.0,0.0,0.0,0.0,0.0
"(24, 14)",0.0,0.0,0.0,0.0,0.0,0.0
"(25, 0)",0.0,0.0,0.0,0.0,0.0,0.0
"(25, 1)",0.0,0.0,0.0,0.0,0.0,0.0
"(25, 2)",0.0,0.0,0.0,0.0,0.0,0.0
"(25, 3)",0.0,0.0,0.0,0.0,0.0,0.0
"(25, 4)",0.0,0.0,0.0,0.0,0.0,0.0
"(25, 5)",0.0,0.0,0.0,0.0,0.0,0.0
"(25, 6)",0.0,0.0,0.0,0.0,0.0,0.0
"(25, 7)",0.0,0.0,0.0,0.0,0.0,0.0
"(25, 8)",0.0,0.0,0.0,0.0,0.0,0.0
"(25, 9)",0.0,0.0,0.0,0.0,0.0,0.0
"(25, 10)",0.0,0.0,0.0,0.0,0.0,0.0
"(25, 11)",0.0,0.0,0.0,0.0,0.0,0.0
"(25, 12)",0.0,0.0,0.0,0.0,0.0,0.0
"(25, 13)",0.0,0.0,0.0,0.0,0.0,0.0
"(25, 14)",0.0,0.0,0.0,0.0,0.0,0.0
"(26, 0)",0.0,0.0,0.0,0.0,0.0,0.0
"(26, 1)",0.0,0.0,0.0,0.0,0.0,0.0
"(26, 2)",0.0,0.0,0.0,0.0,0.0,0.0
"(26, 3)",0.0,0.0,0.0,0.0,0.0,0.0
"(26, 4)",0.0,0.0,0.0,0.0,0.0,0.0
"(26, 5)",0.0,0.0,0.0,0.0,0.0,0.0
"(26, 6)",0.0,0.0,0.0,0.0,0.0,0.0
"(26, 7)",0.0,0.0,0.0,0.0,0.0,0.0
"(26, 8)",0.0,0.0,0.0,0.0,0.0,0.0
"(26, 9)",0.0,0.0,0.0,0.0,0.0,0.0
"(26, 10)",0.0,0.0,0.0,0.0,0.0,0.0
"(26, 11)",0.0,0.0,0.0,0.0,0.0,0.0
"(26, 12)",0.0,0.0,0.0,0.0,0.0,0.0
"(26, 13)",0.0,0.0,0.0,0.0,0.0,0.0
"(26, 14)",0.0,0.0,0.0,0.0,0.0,0.0
"(27, 0)",0.0,0.0,0.0,0.0,0.0,0.0
"(27, 1)",0.0,0.0,0.0,0.0,0.0,0.0
"(27, 2)",0.0,0.0,0.0,0.0,0.0,0.0
"(27, 3)",0.0,0.0,0.0,0.0,0.0,0.0
"(27, 4)",0.0,0.0,0.0,0.0,0.0,0.0
"(27, 5)",0.0,0.0,0.0,0.0,0.0,0.0
"(27, 6)",0.0,0.0,0.0,0.0,0.0,0.0
"(27, 7)",0.0,0.0,0.0,0.0,0.0,0.0
"(27, 8)",0.0,0.0,0.0,0.0,0.0,0.0
"(27, 9)",0.0,0.0,0.0,0.0,0.0,0.0
"(27, 10)",0.0,0.0,0.0,0.0,0.0,0.0
"(27, 11)",0.0,0.0,0.0,0.0,0.0,0.0
"(27, 12)",0.0,0.0,0.0,0.0,0.0,0.0
"(27, 13)",0.0,0.0,0.0,0.0,0.0,0.0
"(27, 14)",0.0,0.0,0.0,0.0,0.0,0.0
"(28, 0)",0.0,0.0,0.0,0.0,0.0,0.0
"(28, 1)",0.0,0.0,0.0,0.0,0.0,0.0
"(28, 2)",0.0,0.0,0.0,0.0,0.0,0.0
"(28, 3)",0.0,0.0,0.0,0.0,0.0,0.0
"(28, 4)",0.0,0.0,0.0,0.0,0.0,0.0
"(28, 5)",0.0,0.0,0.0,0.0,0.0,0.0
"(28, 6)",0.0,0.0,0.0,0.0,0.0,0.0
"(28, 7)",0.0,0.0,0.0,0.0,0.0,0.0
"(28, 8)",0.0,0.0,0.0,0.0,0.0,0.0
"(28, 9)",0.0,0.0,0.0,0.0,0.0,0.0
"(28, 10)",0.0,0.0,0.0,0.0,0.0,0.0
"(28, 11)",0.0,0.0,0.0,0.0,0.0,0.0
"(28, 12)",0.0,0.0,0.0,0.0,0.0,0.0
"(28, 13)",0.0,0.0,0.0,0.0,0.0,0.0
"(28, 14)",0.0,0.0,0.0,0.0,0.0,0.0
"(0, 15)",4.474040892002159,4.504707937012767,4.3308786120401725,4.262945602550702,4.262988205722541,4.381738274649295
"(0, 16)",4.507557235899855,4.2359751717051894,4.288262571666753,4.284478750781227,4.285086446872802,4.404277080384089
"(0, 17)",4.316664742891314,4.427643008296105,4.320081297828275,4.3417679169956385,4.320994091738381,4.44244288267729
"(0, 18)",4.387189949616837,4.44338296527289,4.194536420408817,4.111059428828893,4.108965748275146,4.345312982745817
"(0, 19)",4.350461543395359,4.378800369370113,4.258794382094825,4.250011905863861,4.284237989099229,4.384158302448072
"(0, 20)",4.125406375250803,4.287169058380234,4.03769422093357,4.172428138622486,4.148340867925137,4.26358788556694
"(0, 21)",4.208565234321308,3.984258146978628,4.090768739976942,4.054905560884628,4.069087176226049,4.125437755243851
"(0, 22)",4.1714501601438805,4.173637973778119,3.966256263986132,3.9715432101205472,3.760161211394139,3.8547386584383934
"(0, 23)",4.139583854822798,4.391628081733369,4.2777191481232375,4.217872596435889,4.277495651837662,4.382156501995185
"(0, 24)",4.3639352383569205,4.521827880032161,4.334681030061918,4.283026490622089,4.37071350083644,4.4341197742208145
"(0, 25)",4.3811250973169,4.406079653894369,4.374162356596974,4.360501969485532,4.370995659533552,4.475064690426449
"(0, 26)",4.429478836849256,4.500762355460946,4.250159015425523,4.250235370416046,4.250888832989108,4.368666373230845
"(0, 27)",4.290971061774267,4.4487836530587295,4.32347241283456,4.324251148159166,4.3221146372757255,4.424306137958893
"(0, 28)",4.290262652137667,4.521739799566309,4.389008221739391,4.349497038861789,4.378578805163594,4.479314771350197
"(0, 29)",4.452168953937848,4.219232556085807,4.258139434529459,4.309691734872648,4.279448393103912,4.381618647330892
"(1, 15)",4.566857360005786,4.589250665442495,4.439702521982971,4.440789351577435,4.464533901347752,4.562081923154387
"(1, 16)",4.515403673602558,4.546178173780226,4.372331110236262,4.373557692321663,4.370745987396006,4.491332727262089
"(1, 17)",4.3187058003598615,4.472804292264082,4.206061584401829,4.287448183963716,4.169283969256323,4.253432203600268
"(1, 18)",4.348000076257464,4.281759236200673,4.273514328944974,4.27962573345227,4.278668475318993,4.3689933521362985
"(1, 19)",4.282336581352251,4.343863301759449,4.168725228090418,4.190626739139495,4.14021232153611,4.300068976428404
"(1, 20)",4.216755662158761,4.2019226753830194,4.122234569378584,4.121814375120905,4.113573129388145,4.225560643729007
"(1, 21)",4.26320335347588,4.094876685089351,4.027601402277519,4.034098034016294,4.029017542709838,4.135106688964383
"(1, 22)",4.074783080655146,4.032980585879589,3.86500358706425,3.8825742713413014,3.863831788730937,3.8817059042763016
"(1, 23)",4.233983251672548,4.0664368978639835,4.167379237959255,4.160082336416123,4.108663809539822,4.067070925899387
"(1, 24)",4.386396209478835,4.478932618863372,4.36879889616638,4.407618851524812,4.363561170906149,4.510242255520339
"(1, 25)",4.3428742711729855,4.345631516707695,4.278260723992506,4.349566311455134,4.286697995932589,4.393553703483434
"(1, 26)",4.351176972703952,4.359461936262476,4.283373696057157,4.265057682694492,4.251350413679786,4.346773380871391
"(1, 27)",4.3029720779283664,4.4503093146653345,4.327204224001859,4.327198508275084,4.3056965228706,4.427607347474198
"(1, 28)",4.438712683614277,4.378037259369538,4.261542170799674,4.254668201855663,4.25912621385367,4.358831833990588
"(1, 29)",4.423513271555158,4.397881839133097,4.278444923183906,4.266115960635407,4.236541690328172,4.376010907254678
"(2, 15)",4.537891730937371,4.4640758613027485,4.406200866701121,4.368483820060248,4.40984673777566,4.496702666368402
"(2, 16)",4.532013967433752,4.447070704845718,4.368075434220936,4.392022321770799,4.402765955389107,4.476976283840329
"(2, 17)",4.356956934374977,4.4034516985730905,4.253406739897806,4.268662899546925,4.278893815394229,4.3470715871987995
"(2, 18)",4.2671903487684935,4.362205627512079,4.230611725928821,4.225342021668199,4.068858705371343,4.342412370599872
"(2, 19)",4.210569917513714,4.416543762855949,4.27610491634768,4.216820725660254,4.2755629611982355,4.3973221049640845
"(2, 20)",4.254421101645668,4.125118521440384,4.143374518048921,4.155182223659746,4.1573710965953845,4.23213854862325
"(2, 21)",4.3069956651485235,4.061108539040505,4.107942347602085,4.131257891156697,4.138528957431528,4.240834108103165
"(2, 22)",4.255824247746978,3.937965751389772,4.126020245451222,4.137242254708543,4.12547844358305,4.233498376491841
"(2, 23)",4.32681693846345,4.349897403947531,4.153144232811701,4.176399300514575,4.15718814366506,4.2778370407241715
"(2, 24)",4.367877177853082,4.180508072270992,4.246182904322858,4.038135963580281,4.146576864650228,4.3548779708632726
"(2, 25)",4.346741705521305,4.4755530864545126,4.350794640022588,4.360139638956136,4.3601986617969315,4.461434252236069
"(2, 26)",4.317645856574428,4.378843218639092,4.273291532479803,4.246355156253104,4.327513999180304,4.373087154000855
"(2, 27)",4.4626047745546,4.440740658863394,4.315729803815921,4.3027106138245195,4.2790310341023945,4.410881715328815
"(2, 28)",4.2264830449335244,4.458145733451732,4.154284719485696,4.292240451708841,4.296527662630852,4.372103337955015
"(2, 29)",4.091781643363265,4.504356633321677,4.2268214375685185,4.252379189021315,4.262340527669844,4.326859484318068
"(3, 15)",4.42094462957757,4.438823978033615,4.394319712872959,4.353732151130742,4.370815023074507,4.494333610786478
"(3, 16)",4.399657271036634,4.526640414189891,4.38001737053649,4.362105785709742,4.386273743196356,4.494402813790312
"(3, 17)",4.392856403064786,4.430295571704188,4.332206111260112,4.274265702612877,4.2772090124994175,4.458588745552706
"(3, 18)",4.352572938310872,4.436505473971765,4.298469548491385,4.315793823799957,4.286876937247655,4.38427958056875
"(3, 19)",4.295290974211359,4.3679849445651655,4.220513435049178,4.2515094685866845,4.25971549617577,4.344384176745699
"(3, 20)",4.226604260287035,4.2470498506348155,4.325159838282369,4.1761978833077364,4.274459519460472,4.386130828059032
"(3, 21)",4.356627008767859,4.146384699210255,4.076643523472358,4.1000788402170185,4.0999345678439765,4.209481769654041
"(3, 22)",4.232513143883977,4.2609301789839265,4.104818903645003,4.122760412892768,4.120612543410766,4.183942040777337
"(3, 23)",4.17559586993066,4.185616799010236,4.217536114374472,4.24949310586201,4.2180938199087326,4.359255469287179
"(3, 24)",4.250121455079609,4.35738292501826,4.172032253425345,4.147712367834351,4.1586522859232495,4.272035559480832
"(3, 25)",4.265623661225172,4.283306074942588,4.22607417997002,4.221446971178543,4.226897904799242,4.323718111862798
"(3, 26)",4.205512765891658,4.296483678399006,4.271377261581775,4.2048624383924595,4.1734519051084975,4.287447109795628
"(3, 27)",4.435645525844625,4.33324665746275,4.313375041515478,4.301126936911579,4.313503264993481,4.413519337369414
"(3, 28)",4.212408232184491,4.202676850421172,4.152896641932847,4.16666100199812,4.165560914122921,4.267264960472769
"(3, 29)",4.172982343462767,4.156162958229652,4.050328902139458,4.115360998990994,4.031081905116013,4.028056879778607
"(4, 15)",4.591361238524327,4.559413034955648,4.395599152076556,4.414339622591485,4.422283421170458,4.522462215281964
"(4, 16)",4.557812227562048,4.524702902184586,4.39788363251351,4.397546124567642,4.327063432575825,4.501891235338009
"(4, 17)",4.4530691295263285,4.400725079633959,4.368099504595129,4.3523011702379115,4.369593158168145,4.451668013711311
"(4, 18)",4.398816854487572,4.479633911011837,4.321408833956982,4.3249311355315365,4.3262024957903815,4.442076389177393
"(4, 19)",4.349211749809511,4.2784630561861725,4.317823343015928,4.2998356877962545,4.303038183213018,4.417716554862189
"(4, 20)",4.5294970847647535,4.384720790262634,4.15497834153884,4.379031631486288,4.36105183838357,4.478435657252266
"(4, 21)",4.492553454580333,4.368079968837071,4.382861621058979,4.399291582028422,4.382071749016907,4.479850946735048
"(4, 22)",4.37387971719558,4.355400970935409,4.2801302168992255,4.2625523125523515,4.280528699655812,4.396790621600656
"(4, 23)",4.4230262404789755,4.385997931336155,4.08042983144196,4.085725479911238,4.10031133028783,4.420265401988656
"(4, 24)",4.348715246258729,4.473428692989759,4.324774549713108,4.320292631688407,4.333682799657121,4.411638488726066
"(4, 25)",4.331625018741934,4.40942947939213,4.279617231885215,4.2383696438926775,4.238664904147507,4.326713683262262
"(4, 26)",4.300350863779896,4.372436345518199,4.23855621082049,4.252096496285581,4.235391424177125,4.356057018299849
"(4, 27)",4.465264582208354,4.317664548390085,4.324068252214559,4.309663156793082,4.328736105525828,4.424390518051718
"(4, 28)",4.21535011413031,4.200321515213669,4.026077026888161,3.9878640979282767,4.181421170455653,4.239011463016054
"(4, 29)",4.290758728333868,3.790817647082175,4.143858189615791,4.117536680824054,4.144685689940098,4.219727434210309
"(5, 15)",4.608432244104654,4.433300267804946,4.4417244483008655,4.418029836461533,4.322778069091789,4.509631406858316
"(5, 16)",4.579117961964685,4.389714173850896,4.353212344335011,4.397480807337741,4.383438081243255,4.4034787952649515
"(5, 17)",4.4778957674184205,4.45499454707979,4.341266728813837,4.350416945666138,4.30006529460105,4.450647285552623
"(5, 18)",4.319360871657971,4.319491079535646,4.21176727225887,4.273544944976727,4.2699647355651695,4.359375364793555
"(5, 19)",4.241901613730559,4.330550814030113,4.178877759087976,4.122806301162278,4.172261759190025,4.301567281977604
"(5, 20)",4.483957394260169,4.299844081564972,4.26124423409636,4.284134614679409,4.291497759337633,4.368606707372985
"(5, 21)",4.481725827603148,4.446039306005747,4.30140392583396,4.300984880417069,4.301158613560203,4.394921690502704
"(5, 22)",4.320406117765078,4.404539303510943,4.28275402917555,4.28255248822129,4.246136853309593,4.396762542602839
"(5, 23)",4.410892929468025,4.3230881183342476,4.0611178780294654,4.169092886556645,4.175924907410843,4.3077193712119275
"(5, 24)",4.4354116220585205,4.319845799901302,4.17507393869184,4.1977525651185434,4.187594030543687,4.175908989572106
"(5, 25)",4.325426058804579,4.264905775485366,4.164743362498997,4.21331379603095,4.191336231530605,4.259105258828823
"(5, 26)",4.352505798668247,4.15186783572318,4.069991131048377,3.975338388148752,4.072653943284823,4.1638954838787186
"(5, 27)",4.439644098169244,4.1840228002538336,4.116690982680242,4.098382976780732,4.145000077807664,4.235584737157477
"(5, 28)",4.198451157919697,4.209738696927838,4.070179273625635,4.082442026303648,4.0800271539736865,4.1854578716018915
"(5, 29)",4.153909133886404,4.1400253977642025,3.8797054523813186,3.876349957825355,3.871437858721734,3.9775739958516785
"(6, 15)",4.6293676461686415,4.429408128880251,4.326795393552382,4.326164659506499,4.446679082280826,4.426349519428708
"(6, 16)",4.481439731789525,4.453294196596711,4.322525583082034,4.350101049439578,4.337006152486117,4.416313875746967
"(6, 17)",4.526412167642743,4.352031887495771,4.308706383754163,4.3171614411712556,4.3227953735047455,4.399891897700426
"(6, 18)",4.4076499359080685,4.390094085295666,4.291949308161573,4.298566713816407,4.30492254084875,4.3894954443943694
"(6, 19)",4.368330731468192,4.382633242919792,4.3250217588441675,4.330216723912512,4.32194913788717,4.415486781102107
"(6, 20)",4.338861525180108,4.457720907674854,4.363112809760819,4.318290658393967,4.362780379110557,4.346300048240016
"(6, 21)",4.435285664797565,4.412721975626277,4.256361333834575,4.209186387801288,4.2090930140032885,4.27335473148851
"(6, 22)",4.3819286260544335,4.402517788546865,4.27876529511481,4.248073468402796,4.244447579676829,4.343032359705502
"(6, 23)",4.440598078868191,4.37861585818963,4.225837428975249,4.2282931662361625,4.23765422737088,4.326003754699351
"(6, 24)",4.421288395328224,4.308663146126173,4.27381065292348,4.273349197856736,4.224341614221986,4.388230938261082
"(6, 25)",4.2110224154226525,4.381167693450982,4.109378956586526,4.182502403883231,4.165120020045417,4.277680404624102
"(6, 26)",4.33540316132991,4.17925012049191,4.101106681221978,4.1014115377398195,4.093175138426221,4.208175828677557
"(6, 27)",4.277639003659242,4.226124555029138,4.134049226700823,4.1049002656025895,4.030628775568552,4.2110050129135965
"(6, 28)",4.127677176351478,4.28602543923213,4.039792481596082,4.071723187352571,4.0717144568576975,4.2670611545828105
"(6, 29)",4.232893067187939,4.019826957044061,4.113956587085096,3.9893805664579545,3.937306736240275,4.173933766740584
"(7, 15)",4.604434291493169,4.529903324511736,4.34672334073916,4.408849535198825,4.469367516654542,4.557991760198255
"(7, 16)",4.4633765131706244,4.568902246379126,4.329311555058659,4.3328244296772125,4.330574464698682,4.482429979022514
"(7, 17)",4.488306425950003,4.463152728890284,4.365060474769831,4.380855879756444,4.327470285860061,4.487934287379897
"(7, 18)",4.435485762979303,4.468384603689674,4.314152818606647,4.319045621134576,4.314186833745527,4.400757847239281
"(7, 19)",4.42505457616015,4.48044684955535,4.330485041832446,4.332094409483937,4.268496724904288,4.449720258363819
"(7, 20)",4.389977888868403,4.450557556762028,4.272512680341825,4.332505575697746,4.266491430244223,4.359605152827937
"(7, 21)",4.32673401063171,4.355966304050424,4.257825421390023,4.258035916532045,4.257644158486837,4.376723542665349
"(7, 22)",4.316652476751598,4.3685220573866586,4.15630229623137,4.2683543833598785,4.280604652649787,4.336231128428652
"(7, 23)",4.502105143117747,4.492014735212193,4.358461947567805,4.33385596531802,4.258508681177281,4.4671472215272985
"(7, 24)",4.447913934432441,4.372373894905123,4.301255379264198,4.301113488025869,4.301396795107367,4.401263610610252
"(7, 25)",4.366934898204744,4.323263335845646,4.277997649192795,4.284852409318246,4.265843605994217,4.36582181721361
"(7, 26)",4.235428730854568,4.3149193167382975,4.178492704422673,4.167814524689863,4.17839156161136,4.281312520616267
"(7, 27)",4.316970129181841,4.326007739356996,4.272371561723784,4.269412514684753,4.248115115688008,4.371975888162927
"(7, 28)",4.296136268025714,4.277698975409919,4.131731039930806,4.240688690447093,4.237311703850983,4.355545214844698
"(7, 29)",4.107685498386456,4.116666175085027,4.056783415847628,4.063528417018133,4.177806877076062,4.127868733194945
"(8, 15)",4.549158264894172,4.372252185342582,4.404665250695175,4.413666520864424,4.42042241861445,4.508570383159531
"(8, 16)",4.42755226943521,4.464100079663374,4.389156716933469,4.348461260932802,4.2774834428739466,4.425394396073745
"(8, 17)",4.506733872999207,4.406542472563562,4.3961883584186285,4.364007319356001,4.295290355864375,4.447478549429849
"(8, 18)",4.5233690878314015,4.470530020154807,4.3143288643246285,4.247825863175849,4.338024898273997,4.3488417218467905
"(8, 19)",4.419766082727391,4.518078036411123,4.237039107929979,4.378678333932778,4.347988058749804,4.343593235487562
"(8, 20)",4.517594557014966,4.521350287547455,4.17552612633945,4.194527197224581,4.175826461064498,4.3029730952227485
"(8, 21)",4.28795359152602,4.507122699724408,4.313426333680571,4.0811202794578545,4.091834895940067,4.408868638162961
"(8, 22)",4.197764998364607,4.281460499170646,4.092116938526294,4.213745176240061,4.091813983969667,4.211261233949442
"(8, 23)",4.504466166292558,4.461301180854981,4.167112453757135,4.242395354264196,4.227741162829583,4.3231552052006785
"(8, 24)",4.387234083223225,4.44107129156941,4.285138309753079,4.283342558483554,4.282689104579364,4.398219196351038
"(8, 25)",4.431325654627108,4.4001846309274235,4.324261747564481,4.3197827436830245,4.324145694678714,4.423853127891362
"(8, 26)",4.312475344302735,4.359634418313907,4.223960961307488,4.195338974409797,4.21433385822065,4.324557166750109
"(8, 27)",4.399012063194813,4.433693306497022,4.244216700752093,4.29556614885583,4.203770389167144,4.408066685279777
"(8, 28)",4.424052991472909,4.526244213445821,4.332820971316005,4.352113863306857,4.395204619803479,4.45941181733804
"(8, 29)",4.36691944326285,4.119388291077583,4.235192050308442,4.208467804694993,4.232226816917277,4.335245008848235
"(9, 15)",4.370188976100489,4.322512193803811,4.167183363154919,4.239080992779913,4.24720410224501,4.2690486187647085
"(9, 16)",4.441912256799642,4.537062305398709,4.394889655552244,4.371559562610902,4.394824112611292,4.417683966124225
"(9, 17)",4.552228898402625,4.522260475432631,4.314230824664337,4.414682434776587,4.402361000149105,4.491297908635431
"(9, 18)",4.395700376325509,4.4066507515938484,4.36492704844828,4.367253721019673,4.365156559343429,4.483392984982445
"(9, 19)",4.517539763280285,4.434883568853045,4.4025775279400134,4.399168495180334,4.351316293494382,4.409728733270168
"(9, 20)",4.513845023350822,4.457705002137342,4.419466352476903,4.403896077638286,4.404685724764457,4.520257381015895
"(9, 21)",4.3159278648916874,4.434973911579135,4.364514507900761,4.309175287345238,4.360518391939932,4.4201285741355845
"(9, 22)",4.317840103387814,4.38552113012621,4.410230227641736,4.3444807775687435,4.350776787261631,4.460489377332839
"(9, 23)",4.5327562676751825,4.432613033513753,4.349054028820041,4.348734604420877,4.346885006808268,4.469766047804908
"(9, 24)",4.365222841130652,4.411418026259495,4.34246096014289,4.24042539271389,4.29468046541245,4.3408342863849185
"(9, 25)",4.31959689047743,4.43423206304848,4.33260834660187,4.2821426801120115,4.332569055890133,4.379490695907992
"(9, 26)",4.372242108524452,4.326427424510953,4.254639428419273,4.217753432369233,4.217510096297024,4.191777120245776
"(9, 27)",4.388663395518371,4.445819109155011,4.263034474855828,4.28483006493468,4.322211173652848,4.4118971876302915
"(9, 28)",4.357377001639607,4.419718740146,4.379811055150764,4.314970863098749,4.37452248108545,4.435246711292148
"(9, 29)",4.121090746256713,4.379061030842619,4.2199361301093905,4.226737728675005,4.214218884685789,4.326743539336923
"(10, 15)",4.360775325622874,4.409190753802314,4.307985463215203,4.213743052258579,4.250994040838895,4.33492409549458
"(10, 16)",4.4319272702753825,4.412712518268993,4.290695260639353,4.262062881394325,4.291618380732537,4.3892276739400895
"(10, 17)",4.355217166846087,4.229970492744178,4.3137464428728105,4.1356050976956125,4.1682363238533835,4.24485561354599
"(10, 18)",4.458311544705493,4.490819218040835,4.3153504407740195,4.351585325931246,4.234925144540802,4.334644813776169
"(10, 19)",4.42124642432061,4.447320380570309,4.324338157392011,4.319341299699978,4.360110452320619,4.404497690769245
"(10, 20)",4.551220636795816,4.4254236565688165,4.4220923304874304,4.402752012146262,4.36386488094109,4.520436836693793
"(10, 21)",4.380451842609379,4.4397302015333056,4.328213999071865,4.328481881741652,4.328332760946379,4.431927971557261
"(10, 22)",4.361035128621618,4.497917732366038,4.410507423517748,4.394268887016765,4.4104312088605395,4.517830225797444
"(10, 23)",4.5924290802159025,4.587264627956614,4.443333484952657,4.463287462497568,4.455420727815299,4.560874209442137
"(10, 24)",4.454061914687968,4.439951715241001,4.279259123739783,4.2819558732307526,4.18213114224466,4.414460033065723
"(10, 25)",4.352019705305901,4.3555840837296,4.2294325664702095,4.185258311833712,4.126736378307667,4.217221686603183
"(10, 26)",4.398549837908123,4.1418473090336905,4.177880193149255,4.1687229988397565,4.147231144703373,4.247547821475506
"(10, 27)",4.312832664344262,4.3814690181203275,4.291965061719777,4.308378999499345,4.308416946087838,4.409983400446792
"(10, 28)",4.398416823554478,4.470799058227526,4.301469152417682,4.288477259593215,4.3029351854617595,4.414373670920798
"(10, 29)",4.020288286116906,4.429106327240708,4.15769196633802,4.161749188163409,4.201166659333408,4.26332830953981
"(11, 15)",4.497016241548354,4.239494719120333,4.323922410713699,4.354530317822232,4.322875538156367,4.4430610883524375
"(11, 16)",4.369681961346369,4.449947027392248,4.329606425060135,4.23614565463002,4.325155342819285,4.442718851403714
"(11, 17)",4.521497652234465,4.331098204413916,4.377919272182021,4.316838782437246,4.377142854983284,4.483442817877349
"(11, 18)",4.445967057450393,4.50519583852493,4.323876821600093,4.325550409688566,4.346945619295813,4.4708028390779395
"(11, 19)",4.549666793192706,4.355738602372187,4.331539943062752,4.357390988490739,4.30979282530338,4.40388895262456
"(11, 20)",4.495268532922583,4.4410869728654765,4.369588219640951,4.370200821539346,4.368794557493264,4.45489366973382
"(11, 21)",4.349128366018748,4.354655385179659,4.241560456870852,4.278434423239945,4.248128278357876,4.340060937977964
"(11, 22)",4.399003789645626,4.5017356630087955,4.401268865960309,4.395212132160048,4.371984762691146,4.4840562207140415
"(11, 23)",4.483832531223141,4.555948562725617,4.344519226212091,4.283126047629624,4.280271089932416,4.384391461164143
"(11, 24)",4.405783137636501,4.582908046602608,4.42456134782562,4.4247569530882975,4.355917070579783,4.457424775672797
"(11, 25)",4.407081330405613,4.413796933765333,4.406986311905332,4.361629094006344,4.333993797670042,4.433989627710762
"(11, 26)",4.466827333089787,4.520393406478437,4.33863925157203,4.36739089441661,4.368442259544928,4.467473119190062
"(11, 27)",4.299686708920442,4.185132587281782,4.228532324803353,4.227710584111161,4.251211237452328,4.344268378639076
"(11, 28)",4.183318431924663,4.293071840927016,4.185653218859815,4.138075337700599,4.2339579448188065,4.192579455892162
"(11, 29)",4.324400821695546,4.422058434726057,4.226278705213534,4.278324401738789,3.982719639810867,4.376873474319811
"(12, 15)",4.5134698449223105,4.396185478691792,4.396861656532063,4.346936767046895,4.369717167143631,4.470741140906077
"(12, 16)",4.411829932628946,4.371044695199266,4.2928101525534,4.303519390608126,4.293897577107149,4.391270449327275
"(12, 17)",4.4952890782116866,4.426255608867075,4.332348010107893,4.305868677248837,4.327553313843465,4.457641222529928
"(12, 18)",4.4215970222030405,4.483468280240167,4.247706168815861,4.283176167960397,4.283568771756257,4.383298567145572
"(12, 19)",4.415040610569278,4.427463299104254,4.318397586143491,4.309793559601449,4.3190777477779285,4.411604928054032
"(12, 20)",4.473906884544382,4.356088461637071,4.219124485066438,4.29753520914755,4.315075577543186,4.4170649984841965
"(12, 21)",4.444984989576011,4.475132217752576,4.312973003422559,4.288819356706427,4.3192480345819835,4.398880250191837
"(12, 22)",4.4939801938347905,4.246630212695007,4.30621294315333,4.3298510205188565,4.319993057911892,4.443814322557885
"(12, 23)",4.314133647898156,4.34922807027096,4.199495458304578,4.210881620207052,4.2147609359064395,4.311067376794601
"(12, 24)",4.3549825410098295,4.295922457426472,4.248138932824436,4.301096040672725,4.252078554017321,4.365326843825856
"(12, 25)",4.326893923885272,4.358938236943073,4.305757923528882,4.313337657683043,4.30578990362491,4.409713689657808
"(12, 26)",4.372312832554809,4.4333428537978,4.326645796716018,4.372310624144892,4.372533397821653,4.312597207338281
"(12, 27)",4.170247978591307,4.219233717914167,4.0986187814509645,4.111097684741358,4.093113869100388,4.193804690678341
"(12, 28)",4.147210765130166,4.1880002314510705,4.155845826758865,4.172496245121027,4.162369619987466,4.256896710683444
"(12, 29)",4.264238483109199,4.098793106008165,4.151803864854129,4.178734045783392,4.179645388672011,4.27680238519009
"(13, 15)",4.546831754224528,4.485725069573408,4.380446326312052,4.364774972858254,4.3876345479192,4.4470708633433125
"(13, 16)",4.431397569240613,4.389489916460378,4.332198323907416,4.332376859027322,4.342534957632063,4.434098340896386
"(13, 17)",4.343682366054993,4.531362660731025,4.4130661732423855,4.372765916484097,4.41072221460669,4.5020080382207
"(13, 18)",4.40044514731219,4.50039205912592,4.311885157963755,4.311804206000218,4.325892300555011,4.469656176715071
"(13, 19)",4.25825525364431,4.507670933950212,4.358497258663338,4.358537774341527,4.358570234687576,4.480507979978572
"(13, 20)",4.438552898137831,4.550088410541685,4.343133507212949,4.3419184237089485,4.400713142550754,4.452542731605389
"(13, 21)",4.340494128959259,4.466393851837138,4.432361519081792,4.401747405030878,4.416963940791261,4.5221971875779605
"(13, 22)",4.443003185804201,4.516840856716286,4.418865791341262,4.418190098436533,4.4089198195697215,4.487752364613537
"(13, 23)",4.203233310585925,4.3989123795001905,4.273825670272922,4.283602114927869,4.275168713789098,4.3735835462602575
"(13, 24)",4.421800212086632,4.404558755473535,4.284121440608961,4.291470309541108,4.284255778871977,4.384506938733487
"(13, 25)",4.292480387333614,4.469781223818883,4.316752998205493,4.339301221051147,4.348201800482447,4.407044566933598
"(13, 26)",4.423421339154872,4.29571817613826,4.371434768300904,4.297693396000689,4.212802876061292,4.395091733156192
"(13, 27)",4.363897886136326,4.284059938887564,4.338297237882747,4.358120321667966,4.324866606657485,4.4578607444316924
"(13, 28)",4.493479864496262,4.490964046737438,4.279977612371642,4.276920408673501,4.343699875951346,4.352825131181105
"(13, 29)",4.368033819119833,4.405384344962559,4.248453724683941,4.249284155807441,4.249306208255815,4.336339876269576
